Date,Full_Text,Abridged
2026-01-05,"- Added approximately 20 Sisense reports to the report inventory.   - Used Visual Studio Code to identify tables each report pulls data from, including Steel Warehouse and Lock Joint Tube data sources.   - Utilized GitHub Copilot to generate report descriptions.   - Identified report users by analyzing built-in report metrics in the workspace and Sisense dashboard usage data. - Attempted to gain access to Healthy Merits and Meritain Insurance data; was unsuccessful due to invalid access code provided by Molly. - Completed the Gallup survey for employee satisfaction. - Reviewed the PFEP report plan for every part report to check readiness; awaiting email from Jeremy Stein. - Fixed the SQL file for the South Bend end dates report related to MC/MB/MD for Jeremy Stein. - Worked on developing the work log program at the end of the day.","Sisense reports, Visual Studio Code, Steel Warehouse, Lock Joint Tube, GitHub Copilot, report metrics, Healthy Merits, Meritain Insurance, PFEP report, Jeremy Stein, SQL file, work log program"
2026-01-06,"- Finished the master report and the report inventory. - Fixed an error in one of the Sisense reports that was not refreshing due to gateway issues after being taken over yesterday. - Sent Jeremy Stein and David Werling the downloaded PFEP (Plan For Every Part) report, formatted as an Excel sheet. - Updated the action logs to include a complete list, not limited to just the last month. - Created a Python program that analyzes the original master report inventory to identify similar or identical reports.   - The program takes a user prompt to find or create reports.   - It selects the top five reports based on description or team.   - It filters results by data source and location (e.g., Still Warehouse or Lock Joint Tube).   - It explains the reasoning for each selection.   - It writes the output to a text file. - Imported the work logs program. - Cloned the GoodUp repository to model the Duck database system after it.","master report, Sisense reports, gateway issues, PFEP report, action logs, Python program, report analysis, work logs program, Github repository, Duck database system"
2026-01-07,"- Investigated issues with Plex tables/pipeline connectivity in the Yosef workspace and Plex Copy data activities in the Sisense workspace.   - Attempted to fix by changing connection strings, creating new gateways, and trying different passwords (including Plex login), but the connections still failed.   - Noted the connections worked a couple of weeks ago; suspected a recent change in credentials or Fabric rules as the connecition on Power BI Desktop/Excel on SWAP10 is still successful.  - Identified a blocker: unable to pull Plex data into Fabric/Power BI2 Fabric for Lakehouse use (table modifications and notebook-created tables).   - Planned a workaround using Excel as an intermediate source:     - Connected Plex to an Excel file on the SWAP10 computer.     - Planned to save the Excel file to the Data Analytics SharePoint folder under Excel source files.     - Documented that the file will require manual refresh in Excel Desktop and Fabric will read from SharePoint (not live unless refreshed). - Met with Alex and Mark to review JIRA usage and upcoming Fabric/Invex projects.   - Agreed to differentiate between simple one-day tickets vs. ongoing projects.   - Planned to move projects to the Data and Analytics project page and organize items as stories/tasks/epics as appropriate. - Reviewed help desk training materials.   - Watched help desk videos.   - Created a help desk Word document in the help desk tutorials folder for onbaording tickets.   - Attempted to catch up on Byrquest videos (Abby Cook) and noted remaining backlog. - Updated/created documentation (help desk onboarding Word document) and captured next steps for the Plex-to-Fabric workaround.","Plex tables pipeline connectivity, Yosef workspace, Side Sense workspace, Power BI Desktop, SWAP10, ODBC DSN DS/DSL, Fabric Power BI2 Fabric Lakehouse, Plex-to-Excel SharePoint workaround, JIRA Data and Analytics project, Alex, Mark, Helpdesk onboarding Word document, Byrequest videos Abby Cook"
2026-01-08,- Worked help desk coverage for the majority of the day (Thursday help desk day). - Met with Rachel to learn additional help desk processes and context. - Reviewed with Rachel the folder locations for Cobalt programs and report files. - Discussed feasibility of converting Cobol-produced reports and byrequest for Power BI. - Continued refining the temporary integration approach for Plex connectivity:   - Connected to the Plex system via ODBC from Power BI.   - Pulled data into Excel on SWAP10.   - Linked the output to SharePoint.   - Connected SharePoint data to a Fabric dataflow.,"Helpdesk, Rachel, Cobalt programs, report files, byrequest, temporary integration approach, Plex connectivity, ODBC, Power BI, Excel SWAP10, SharePoint, Fabric dataflow"
2026-01-09,"- Updated the Plex notebook with comments documenting the temporary Plex connection (running through SWAP 10) via an Excel sheet linked to a SharePoint file.   - Noted the current limitation that the Excel file requires manual refresh.   - Documented an interim approach using multiple Excel queries (one per sheet) and using “Refresh All.”   - Outlined a more feasible setup: move the dataflow into a Fabric pipeline and schedule pipeline refreshes so the Excel/SharePoint-linked data stays updated. - Completed Maritain Health Insurance setup tasks.   - Obtained member ID.   - Set up Healthy Merits (website account, passwords, plans/courses, and mobile app).   - Installed and configured the Teladoc app, including syncing and goal setup. - Left early (Friday) after completing the above tasks.","Plex (Fabric) notebook, Plex connection, SWAP 10, Excel queries, SharePoint-linked Excel, manual refresh, Refresh All, Fabric pipeline, pipeline refresh scheduling, Maritain Health Insurance, Healthy Merits, Teladoc app"
2026-01-12,"- Completed the Work Log program and the Report Master program.   - Updated query tools for both with proper instructions, reordered Markdown formatting cells, and aligned code/cell structure within each dashboard. - Updated the Plex notebook with additional Plex data context and notes on the current workaround.   - Noted the pipeline is not currently running; temporary solution uses an Excel file on SharePoint that requires manual refresh.   - Documented that Power BI on SWAP10 connects cleanly when no notebook transformations are required (or when transformations can be handled in Power Query), enabling direct visuals and a semantic model refresh. - Tested Invex pipelines to confirm expected functionality. - Set up Meritain ID cards. - Worked with DeAndre to close completed tickets and aligned on using the Data Analytics space for future projects. - Completed additional Invex learning and reviewed open items for follow-up.","Work Log program, Report Master program, query tools instructions, Markdown formatting cells, Plex notebook, SharePoint Excel workaround, Power BI, SWAP10, Power Query, semantic model refresh, Invex pipelines, Meritain ID cards, DeAndre, Data Analytics space"
2026-01-13,"- Reviewed Invex API instructions and clarified that the Excel/Power BI files with the query connections should be shareable with any user and refreshable with new data.- Identified a duplicate user login issue on Invex (and incorrect title on the new account) and notified Sara to correct it.- Confirmed with Sara that the issue only existed in the TEST environment due to prior transactions; TRN/DEV/LIV environments are corrected.- Reviewed the Power BI Invex API setup, including the API login, dataflow, notebook, and pipeline.- Reviewed customer mapping from D365 to the Invex API.- Attempted to link an existing HSA account to a newly created online account; was unsuccessful and emailed Brianne for assistance.- Noted that all our current INVEX API connections are using the TEST environment and that production work will likely require TRN/DEV/LIV environments.- Confirmed the pipeline cannot be copied as-is; parameters must be updated to point to the correct (non-test) database/environment.","Invex API, Excel output shareable/refreshable, duplicate user login, TEST/TRN/DEV/LIV environments, Power BI dataflow notebook pipeline, D365 customer mapping, NBEC API, account linking, Sara, Brianne"
2026-01-14,"- Reset the refresh for a report in the Accounting and Finance workspace that had stopped running. - Clarified the status of my Bank of America HSA account (pending activation effective today).   - Called Bank of America HSA and confirmed I had two HSA accounts; deleted the old account.   - Confirmed timelines: card and contribution updates (employee/employer) take a few days; bank linking and reimbursements also take a few days end-to-end.   - Noted documentation guidance for reimbursements: documents are not strictly required, but recommended; a standard receipt may be insufficient (need an itemized receipt showing my name). - Fixed and cleaned up yesterday’s work log text and CSV. - Revisited the ticket for OTD percentage calculations (O2D/OTD %).   - Determined the metric should be calculated only for orders flagged as closed (system-closed or manually closed).   - Met with David to identify the correct source fields in the order detail table:     - Used the ""complete"" column to identify manually completed orders.     - Used ""date closed"" to identify system-closed orders.   - Built and tested the query in Toad; results matched expected data.   - Continued editing/copying data activity in the pipeline feeding the Power BI report.   - Identified issues working with required columns in Power BI; plan to troubleshoot and confirm closed-order logic tomorrow. - Documented updates in the work log and saved the corrected CSV.","Accounting and Finance workspace report refresh, Bank of America HSA account activation, HSA reimbursements documentation, work log CSV cleanup, OTD percentage calculations O2D/OTD %, closed-order logic complete column date closed, David, Toad query, pipeline to Power BI report, required columns in Power BI"
2026-01-15,- Handled helpdesk tickets throughout the day.,Helpdesk tickets
2026-01-16,"- Noted requirement to create Word documents for tickets completed on January 15. - Met with Alex for a general check-in.   - Agreed to hold off on Plex connections (not urgent); meeting scheduled for Tuesday.   - Discussed bringing me onto the OHIO Prod Stat project to show stats via ScreenCloud.   - Reviewed the Power BI file he sent; noted use of a parameter table in the Matrix visual Values section to let users select fields (similar to a filter, but for field selection). - Reset OneDrive after it stopped syncing; resolved duplicated files by selecting and properly renaming copies. - Continued working on the ticket to change OSRs from Koponacki to other OSRs. - Reviewed benefits/Express Scripts and found preferred pharmacies are not in-network. - Investigated the OTD ticket and reviewed new rows/fields; identified and fixed a query issue.   - Found a CTE still referenced an old table name after a new query was moved into another query for a join, preventing correct column loading.   - Updated the reference so the table loads the correct columns; positioned the ticket for continued fixes next week (including identifying closed items/orders closed manually vs. by the system). - Captured follow-ups for next week (Word documents for 1/15 tickets and continued OTD ticket fixes).","Word documents for tickets, Alex check-in, Plex connections, OHIO Prod Stat, ScreenCloud, Power BI parameter table Matrix visual, OneDrive sync, OSR reassignment from Koponacki, OTD ticket, CTE table reference issue, Express Scripts preferred pharmacies"
2026-01-19,"- Created two Word documents to document help desk ticket resolutions for future reference.   - Documented an automated Environment Reports error for Karen Miller (Accounts Receivable, works from home), noting that irrelevant errors can be filtered by checking the last two characters of the file name (and matching description); flagged that it needs confirmation whether this applies only to Karen Miller (“KM”) or other AR team members.   - Documented how to stop receiving unnecessary ByRequest reports as printed output and switch to email by:     - Identifying the customer number.     - Querying the Customer Master table to verify the value in the CUSP_FLAGS column before changes.     - Including the SQL UPDATE statement to apply the change. - Met briefly with Jeremy.   - Learned Dave Orling is currently unable to run the PFP and plans to run it soon.   - Clarified that Thursday’s OSR update ticket should update OSR references for profiling, shipping, and any other areas where the old OSR (no longer employed) is referenced. - Coordinated with MA regarding a prescription issue after Kroger Pharmacy was confirmed out-of-network for Express Scripts; determined next step is to contact Express Scripts to locate in-network pharmacies and confirm pricing. - Continued work on Thursday’s OSR update ticket by completing Jeremy’s customer master list and investigating Rachel’s proposal to update the MC_SUMMARY table.   - Found MC_SUMMARY changes were not persisting; confirmed with David that MC_SUMMARY is rebuilt nightly from JOB_MASTER tables across schemas, so updates to MC_SUMMARY are not effective long-term.   - Captured proposed approaches for correcting MC/OSR-related data:     - David: Identify affected rows in MC_SUMMARY (customer numbers from the PDF), match them to the appropriate JOB_MASTER tables using MC number, and ensure they are open jobs (DATE_CLOSED = 1/1/1900).     - Rachel: Identify rows in JOB_MASTER tables tied to updated CUSTOMER_MASTER rows, update those records across relevant JOB_MASTER schemas, and ensure they are open jobs (DATE_CLOSED = 1/1/1900). - Updated/retained help desk documentation for the above ticket work and findings.","Help Desk ticket documentation, Environment Reports error filtering, ByRequest email vs printed output, Customer Master CUSP_FLAGS, OSR update ticket, MC_SUMMARY nightly rebuild, JOB_MASTER schemas, DATE_CLOSED 1/1/1900 open jobs, Jeremy, Rachel, David, PFP"
2026-01-20,- Refined and validated the SQL query needed to update Job Masters across the relevant schemas. - Created an Excel sheet for Jeremy identifying customer account numbers not included in the provided PDF but still associated with Konopaki.   - Added context columns including the trailing four digits of account numbers to help identify the new OSR.   - Highlighted which accounts belong to Packy vs. me and added an extra column to enable filtering by owner. - Attended the Plex meeting.   - Ended early because the Plex version/interface available did not match what the instructor expected.   - Confirmed updated Plex access details (new logins/passwords); the prior login was for the wrong interface.   - Noted the Plex pipeline issues may have been credential-related; next step is to retest with the correct credentials. - Saved and prepared the updated query and Excel deliverable for follow-up.,"SQL query, Job Masters, schema updates, Excel deliverable, Jeremy, customer account numbers, Konopaki, OSR identification, Packy ownership filtering, Plex meeting, Plex access credentials, Plex pipeline issues"
2026-01-21,- Covered helpdesk support for Chelsea for the full day (out of office tomorrow). - Reviewed the PFEP plan and coordination for each part.   - Confirmed Jeremy was notifying other locations. - Emailed Leslie Kubler with an explanation of how the PFEP main page and action logs work.   - Attached the main PFEP page from the action logs.   - Noted that exporting may require Lakehouse access/permissions (data sourced from the Lakehouse).,"Helpdesk support, Chelsea, PFEP plan coordination, Jeremy, Leslie Kubler, PFV main page, PFEP action logs, Lakehouse access/permissions, data export"
2026-01-26,"- Re-enabled the LJTTX TUBE INVENTORY refresh after it was disabled due to inactivity (confirmed via user metric reports) and noted the need to confirm whether zero-view reports are still required. - Reviewed Jeremy’s finish plan feedback for the power report and investigated MD/MB issues in the source Excel file.   - Searched for the specific MD/MB rows referenced in the “What happened this month?”/action area but did not find the expected rows; flagged a potential one-row offset issue in the file.   - Verified a second issue from Jeremy’s Friday email where a specific MD should be excluded and only the MB should remain; confirmed these rows exist and can be corrected via code updates. - Updated and tested the PFEP notebook logic to deduplicate MDs in addition to the existing MCS handling.   - Implemented an OR condition to include MD alongside MCS in the MB/MCD deduplication logic.   - Spot-checked other MC-prefix groups (e.g., MH, MR, MP, ML) and did not find additional duplication issues. - Identified a separate issue where the first row in the Excel shows an MD instead of the expected MB (distinct from the known duplicate-MD issue) and flagged it for deeper investigation. - Created a Word document/tutorial for the ticket covering OSR changes, including new account numbers, job numbers, and the new OSR process. - Met with Jeremy to review the two MD-related problems and discuss rollout expectations to other locations.   - Confirmed one issue is the duplicate-MD scenario addressed by the PFEP notebook update.   - Agreed the first-row MD-vs-MB discrepancy appears to be a different issue; placed it on hold pending results after MD deduplication changes are applied. - Documented current findings and left the first-row discrepancy as a follow-up item after validating the updated deduplication output.","LJTTX TUBE INVENTORY refresh, user metric reports, power report, Jeremy, MD/MB Excel source, PFEP notebook, MB/MCD deduplication logic, MCS handling, OSR process changes, new account numbers, job numbers, rollout to other locations"
2026-01-27,- Noted shortened workday due to travel and car stuck on ice. - Coordinated with Jeremy on PFEP report updates (column order changes and other adjustments). - Uploaded the updated PFEP (with actions) to the Lakehouse and reran the pipeline. - Prepared the downloaded PFEP for sending after regaining connectivity (completed while in airplane mode). - Met with Plex team and requested the PowerPoint presentation be sent to the team. - Wrapped up by ensuring the PFEP upload and pipeline rerun were completed successfully.,"PFEP report updates, Jeremy, Lakehouse PFEP upload, pipeline rerun, PFEP actions, Plex team, PowerPoint presentation"
2026-01-28,"- Sent Jeremy the updated PFEP, including uploaded actions and a detailed list of changes made. - Created an optimized query to find remaining line items for the old OSR, accounting for similar customer numbers and related identifiers.   - Replaced a previously working but unoptimized query with the optimized version.   - Added the optimized query to the Word document attached to the help desk ticket for reference. - Updated supporting documentation (Word doc) for the help desk ticket.","Jeremy, PFEP, uploaded actions, change list, optimized query, remaining line items, old OSR, similar customer numbers, related identifiers, Word document, help desk ticket, supporting documentation"
2026-01-29,"- Worked on help desk tickets for most of the day. - Updated the PFEP by adding a Location column.   - Updated the data flow to include the new column in the final Applied Steps.   - Updated the PFEP notebook to include the new column. - Updated the Action Log Store insert/action process to support the new schema.   - Recreated the Action Log Store table due to the schema change (including backup-related changes) and froze the updated version. - Coordinated with Jeremy regarding the PFEP/Action Log Store changes. - Met with Alex and Billy Lerman to review needed updates to the Products report.   - Identified required report changes, including creating a new page for Billy.   - Planned to move downtime-related columns and add a Location field.   - Reviewed requested changes to the downtime summary.","Helpdesk tickets, PFEP Location column, PFEP data flow Applied Steps, PFEP notebook, Action Log Store insert/action process, Action Log Store schema change table recreation, backup-related changes, Jeremy, Products report updates, new page for Billy Lerman, downtime summary changes"
2026-01-30,"- Followed up on help-desk tickets to recover lost phone contacts, add them to the database, and remove outdated contacts. - Created a new Prod Stat report page for Billy Lerman.   - Added a location column and removed superfluous downtime metrics. - Finalized the PFEP update.   - Updated cells in the PFEP notebook and republished to Fabric.   - Updated the PBIX file on SWAPP-10 (remote PC) and on my local PC.   - Exported the updated PFEP files and formatted them per Jeremy’s requirements (column widths, highlighting, freeze rows/columns).   - Sent the formatted PFEP files to Jeremy.   - Updated additional PFEP MD cells in the notebook. - Wrapped up by ensuring the latest PFEP updates were exported, published, and shared as needed.","Help-desk tickets, phone contacts database, Prod Stat report page, Billy Lerman, location column, downtime metrics, PFEP notebook, Fabric, PBIX, SWAPP-10, Jeremy requirements"
2026-02-02,"- Investigated and resolved the PFEP report refresh error occurring on the 1st of the month.   - Confirmed the prior “old month-name metadata” issue was already addressed via instructions in the first notebook cell.   - Identified the new failure as Power Query custom columns (added to meet Jeremy’s decimal/whole-number formatting requirements) throwing arithmetic overflow errors.   - Updated the source table (MC High Low WE) to use appropriate precision/scale.   - Updated the pipeline schema and destination to match the new precision/scale and verified the report refreshed successfully.   - Updated the first markdown/instructions cell in the notebook and noted to monitor on the next month’s first refresh. - Reviewed Jeremy’s email thread and captured plant “gatekeeper” assignments from plant manager responses.   - Aligned on distribution approach: send the full PFEP main page (all MCS/all locations) and action log to all gatekeepers; users filter to their location.   - Corrected the location mapping after clarification with Dovid and Rachel: Chesterfield = Cleveland; SWC schema (Oracle Toad) vs Ohio = SWH.   - Added a new markdown cell in the notebook listing gatekeepers by location; flagged that PFEP instructions may need updates to reflect the new process. - Updated the 009 report with the manual monthly update. - Created two reusable Excel macros stored in the Personal Workbook for monthly PFEP distribution formatting and file naming consistency.   - PFEP main page macro: applies standard formatting (column widths, filters, freeze panes, colors, etc.) and renames the output file to the standard naming convention.   - Action log macro: applies the same standard formatting/renaming process for the action log.   - Recorded access steps (Developer tab > Macros; ensure “Personal Workbook” is selected) and saved the macro code in a markdown cell at the end of the notebook for recovery. - Documented all related changes and references in the PFEP notebook (updated instructions, gatekeeper list, macro details/code) and closed out the day’s updates.","PFEP report refresh error, Power Query custom columns, arithmetic overflow, MC High Low WE precision/scale, pipeline schema update, Jeremy formatting requirements, plant gatekeepers, location mapping Chesterfield=Cleveland SWC/SWH Oracle Toad, 009 report monthly update, Excel macros Personal Workbook, PFEP notebook instructions markdown cells"
2026-02-03,"- Attempted to update Plex pipelines with new connection usernames/passwords, including trying Plex Online, but was unable to get the updates working after multiple attempts. - Tested multiple Excel and Power BI files to validate Plex connectivity and identified the Excel file that successfully works with Power BI. - Created a new Power BI report file with multiple visuals (using Copilot) and published it to the Yosef workspace; updated the associated notebook, but confirmed the semantic model still does not refresh properly in the Power BI Service and needs further troubleshooting. - Switched Power BI to use the alternate ODBC connection that works (the ODBC connector shown in UPPER CASE), then mapped the semantic model to the Plex connection successfully. - Updated the MD cell in the Plex notebook (Yosef workspace) with connected Plex data file paths and revised connection instructions. - Installed PuTTY on my machine and attempted initial configuration; encountered an encryption-related error and am waiting on Marc Stephens for next steps. - Met with the Plex instructor about creating stored procedures in the Plex UI; noted limited guidance on connecting to Plex data from outside Plex, and downloaded the instructor-provided PowerPoint for further review. - Documented updated understanding of Plex as a UI/workflow layer over curated data and stored procedures (not analogous to Oracle direct database usage).   - Added a new page to the Plex Data Power BI report (hosted on remote machine SWAP 10 in the Joseph folder) with a text box containing useful reference notes and example queries (table/column discovery, etc.).   - Created a Word document in the ""tutorials by Yosef"" folder named ""Plex Overview"" with the same reference content.   - Added the same overview content to the Plex notebook in the Yosef workspace. - Worked through WinAsist access issues and environment confusion (multiple access tickets in progress).   - Ran Chelsie's prompt command: PS1='ibmprod:$LOGIN@$PWD\>'; export PS1 to display current path and support file creation.   - Reviewed A drive Home IBM Prod mapping and located a Yosef folder containing a .profile file that I could not open; Chelsie is investigating permissions.   - Gained full access to the SW/LJT environment; still waiting on DEV environment access. - Enhanced the work log program by adding a new function that allows asking questions about the data (not just summarization/query). - Noted follow-ups to complete: review the Plex PowerPoint, document last week's help desk work, and improve documentation/instructions for the overall PFEP project.","Plex pipelines, Plex Online, Excel-Power BI connectivity, Power BI Service semantic model refresh, ODBC connector (UPPER CASE), Yosef workspace Plex notebook, Plex UI stored procedures, PuTTY encryption error, Marc Stephens, WinAsist access tickets, SW/LJT IBM Prod A drive mapping, Work Log Program Q&A function, PFEP project documentation"
2026-02-04,"- Addressed helpdesk ticket OPN SW 0022 regarding date selection issues; could not reproduce the problem and advised the reporter to enter the date numbers in addition to selecting from the calendar (reporter confirmed it worked). - Created Word documentation for helpdesk tickets:   - Clearing the printer queue   - Missing phone contacts   - Correcting mistaken invoice numbers and customer numbers in the Memphis invoice table - Met with the team; captured updates and action items from Alex regarding Plex involvement:   - Expected scope includes using Plex within their system, using Vision Clouds, and connecting to Plex data outside the Plex system   - Current instruction is focused on in-system Plex use; Alex expects additional technical support will be needed for external connectivity   - Discussed potential team attendance at Fabcon (Atlanta, mid-March); action item to review the event homepage/agendas and report back to Alex next week - Updated a helpdesk Word document for an email error:   - Added Rachel's guidance for contacts with multiple emails (check the cust flags list field in the contact detail table; likely valid entries are 1, Y, or blank)   - Added note to use a free online email tester to validate email addresses   - Noted Healthy Merits credentials in Microsoft Edge password manager are stored under ""WELL"" (search ""WELL"" if the password is needed) - Created a helpdesk Word document for adding a user to a ByRequest distribution file (.dis). - Investigated Plex document uploads; Mindy confirmed that in the test environment uploaded documents appear one day later. - Tested queries in the SQL development environment and documented limitations:   - Not all queries that work in Power BI/Excel work in the development environment (likely access/permission limitations)   - Plex queries require aliasing (each query and each table must be aliased) - Followed up on PF/EP gatekeeper outreach:   - Received gatekeeper list per plant from Jeremy   - Used macros to send outreach messages; most recipients responded   - Planned to streamline future outreach via an Outlook contact list/group   - Documented how to email the existing PFEP list in Outlook (People icon, Contact lists, PFEP list, then click the envelope icon to start an email to the group) - Continued Plex exploration; used a Power BI query to locate the target table and began drafting a stored procedure to use as a screen (to be continued). - Documented key findings, constraints, and next steps for Plex work, helpdesk documentation, and outreach process improvements.","Helpdesk OPN SW 0022, Word helpdesk documentation, printer queue, Memphis invoice table, ByRequest .dis distribution file, Plex, Vision Clouds, Fabcon Atlanta, SQL development environment, Power BI/Excel queries, PFEP gatekeeper outreach, Outlook contact lists"
2026-02-05,"- Created a Word document for a help desk ticket regarding a buyer request report that a user claimed was not sent, including detailed resolution steps. - Researched PFEP lead time metrics after learning Memphis wants vendor names and all lead time metrics added.   - Confirmed this is not currently possible due to missing lead time metric data; historical approach relied on location-specific ""cheat sheets"" (vendor-specific or MC-specific) manually plugged in each time.   - Noted the current process uses a default average derived from available data; Jeremy indicated the prior method was not very accurate.   - Prepared to inform Jeremy that vendor/location-specific lead time metrics cannot be added unless each location provides the data, at which point additional effort would be required to assess implementation. - Wrote a synopsis of lead time research (which metrics are affected, where lead times are derived from, and estimated effort to reintroduce vendor/location-level data) and added a new markdown cell in the PFEP notebook for future reference. - Updated the products extra page for Billy Lerman by adding a location filter and deployed the app update. - Updated the 0002 Downtime Report by adding additional pages and removing the classification field.   - Set default sort to descending (noting users can change sorting at any time).   - Added multiple custom visuals on another page; planned to review details with Alex. - Met with Rachel to review a complex ticket involving renaming buyer request reports, including process planning and identifying blockers.   - Identified access limitations to the Lockjoint Tube Dev environment (currently accessed via VNC); considered using Remote Desktop as an alternative.   - Outlined initial steps and confirmed the effort will be a sizable project. - Saved and organized all related notes and documentation (Word ticket write-up and PFEP notebook updates) for reference.","Help Desk ticket, buyer request report, PFEP lead time metrics, PFEP notebook markdown cell, Memphis vendor names, products extra page location filter, Billy Lerman, 0002 Downtime Report, custom visuals, Alex, Rachel, Lockjoint Tube Dev environment VNC Remote Desktop"
